<?xml version="1.0" encoding="UTF-8"?>
<!DOCTYPE beans PUBLIC "-//SPRING//DTD BEAN//EN" "http://www.springframework.org/dtd/spring-beans.dtd">

<beans>

	<bean id="org.sakaiproject.assignment.api.AssignmentService"
			class="org.sakaiproject.assignment.impl.DbAssignmentService"
			init-method="init"
			destroy-method="destroy"
			singleton="true">
		<property name="contentHostingService"><ref bean="org.sakaiproject.content.api.ContentHostingService"/></property>
		<property name="memoryService"><ref bean="org.sakaiproject.memory.api.MemoryService"/></property>
		<property name="sqlService"><ref bean="org.sakaiproject.db.api.SqlService"/></property>
		<property name="serverConfigurationService"><ref bean="org.sakaiproject.component.api.ServerConfigurationService"/></property>
		<property name="entityManager"><ref bean="org.sakaiproject.entity.api.EntityManager"/></property>
		<property name="taggingManager"><ref bean="org.sakaiproject.taggable.api.TaggingManager"/></property>
		<property name="assignmentActivityProducer"><ref bean="org.sakaiproject.assignment.taggable.api.AssignmentActivityProducer"/></property>
 		<property name="gradebookService"><ref bean="org.sakaiproject.service.gradebook.GradebookService"/></property>
 		<property name="gradebookExternalAssessmentService"><ref bean="org.sakaiproject.service.gradebook.GradebookExternalAssessmentService"/></property>
 		<property name="calendarService"><ref bean="org.sakaiproject.calendar.api.CalendarService"/></property>
 		<property name="announcementService"><ref bean="org.sakaiproject.announcement.api.AnnouncementService"/></property>
 		<property name="assignmentTableName"><value>ASSIGNMENT_ASSIGNMENT</value></property>
 		<property name="contentTableName"><value>ASSIGNMENT_CONTENT</value></property>
 		<property name="submissionTableName"><value>ASSIGNMENT_SUBMISSION</value></property>
 		<property name="locksInDb"><value>false</value></property>
 		<property name="autoDdl"><value>${auto.ddl}</value></property>
 		
 		
 		
 		<!--<property name="contentReviewService"><ref bean="org.sakaiproject.contentreview.service.ContentReviewService"/></property>-->
 		
 		<!--use to allow group awareness option in assignments. 
 			By default this is true.-->
 		<property name="allowGroupAssignments"><value>true</value></property>
 		
 		<!--use to hide or show the Assignments 'Add to Gradebook' option for group particular assignments.
 			By default this is false -->
 		<property name="allowGroupAssignmentsInGradebook"><value>true</value></property>
	</bean>

	<bean id="org.sakaiproject.assignment.taggable.api.AssignmentActivityProducer"
    	  class="org.sakaiproject.assignment.taggable.impl.AssignmentActivityProducerImpl"
    	  init-method="init"
    	  singleton="true">
		<property name="assignmentService">
			<ref bean="org.sakaiproject.assignment.api.AssignmentService" />
		</property>
		<property name="entityManager">
			<ref bean="org.sakaiproject.entity.api.EntityManager"/>
		</property>
		<property name="taggingManager">
			<ref bean="org.sakaiproject.taggable.api.TaggingManager" />
		</property>
		<property name="siteService">
			<ref bean="org.sakaiproject.site.api.SiteService" />
		</property>
		<property name="securityService">
			<ref bean="org.sakaiproject.authz.api.SecurityService" />
		</property>
		<property name="userDirectoryService">
			<ref bean="org.sakaiproject.user.api.UserDirectoryService" />
		</property>
	</bean>
	
	<!--  Hibernate persistence -->

	<bean id="org.sakaiproject.springframework.orm.hibernate.impl.AdditionalHibernateMappingsImpl.assignmentSupplementItem"
		class="org.sakaiproject.springframework.orm.hibernate.impl.AdditionalHibernateMappingsImpl">
		<property name="mappingResources">
			<list>
				<value>org/sakaiproject/assignment/api/model/AssignmentSupplementItemAttachment.hbm.xml</value>
				<value>org/sakaiproject/assignment/api/model/AssignmentSupplementItem.hbm.xml</value>
				<value>org/sakaiproject/assignment/api/model/AssignmentAllPurposeItemAccess.hbm.xml</value>
			</list>
		</property>
	</bean>
	
	<bean id="org.sakaiproject.assignment.api.model.AssignmentSupplementItemService"
        class="org.springframework.transaction.interceptor.TransactionProxyFactoryBean">
        <property name="transactionManager">
            <ref bean="org.sakaiproject.springframework.orm.hibernate.GlobalTransactionManager" />
        </property>
        <property name="target">
            <ref bean="org.sakaiproject.assignment.impl.AssignmentSupplementItemServiceImpl" />
        </property>
        <property name="transactionAttributes">
            <props>
                <prop key="*">PROPAGATION_REQUIRED</prop>
            </props>
        </property>
    </bean>

    <bean id="org.sakaiproject.assignment.impl.AssignmentSupplementItemServiceImpl"
    	class="org.sakaiproject.assignment.impl.AssignmentSupplementItemServiceImpl"
    	singleton="true" init-method="init" destroy-method="destroy">
    	<property name="sessionFactory">
    		<ref
    			bean="org.sakaiproject.springframework.orm.hibernate.GlobalSessionFactory" />
    	</property>
    	<property name="userDirectoryService">
			<ref bean="org.sakaiproject.user.api.UserDirectoryService" />
		</property>
		<property name="assignmentService">
			<ref bean="org.sakaiproject.assignment.api.AssignmentService" />
		</property>
		<property name="authzGroupService">
			<ref bean="org.sakaiproject.authz.api.AuthzGroupService"/>
		</property>
		<property name="siteService">
			<ref bean="org.sakaiproject.site.api.SiteService"/>
		</property>
    </bean>

	<bean id="org.sakaiproject.assignment.api.AssignmentEntityProvider"
		      class="org.sakaiproject.assignment.impl.AssignmentEntityProviderImpl">
		<property name="assignmentService" ref="org.sakaiproject.assignment.api.AssignmentService" />
        <property name="entityBroker" ref="org.sakaiproject.entitybroker.EntityBroker" />
        <property name="sessionManager" ref="org.sakaiproject.tool.api.SessionManager" />
		<property name="siteService" ref="org.sakaiproject.site.api.SiteService" />
        <property name="securityService" ref="org.sakaiproject.authz.api.SecurityService" />
	</bean>

    <bean id="org.sakaiproject.assignment.impl.AssignmentGradeInfoProvider"
        class="org.sakaiproject.assignment.impl.AssignmentGradeInfoProvider"
        singleton="true" lazy-init="false" init-method="init" destroy-method="destroy">
        <property name="assignmentService" ref="org.sakaiproject.assignment.api.AssignmentService"/>
        <property name="gradebookExternalAssessmentService" ref="org_sakaiproject_service_gradebook_GradebookExternalAssessmentService"/>
        <property name="authzGroupService" ref="org.sakaiproject.authz.api.AuthzGroupService"/>
        <property name="securityService" ref="org.sakaiproject.authz.api.SecurityService"/>
        <property name="entityManager" ref="org.sakaiproject.entity.api.EntityManager"/>
        <property name="siteService" ref="org.sakaiproject.site.api.SiteService"/>
        <property name="sessionManager" ref="org.sakaiproject.tool.api.SessionManager" />
    </bean>
  
  	<bean id="org.sakaiproject.assignment.conditionalrelease.AssignmentConditionService" class="org.sakaiproject.assignment.conditionalrelease.BaseConditionServiceAssign"
 		init-method="init" singleton="true">
	</bean>
	
	<bean id="org_sakaiproject_assignment_ConditionsProvider"
		class="org.sakaiproject.assignment.conditionalrelease.GradebookConditionsProviderAssign"
		init-method="init">
		<property name="conditionService" ref="org.sakaiproject.assignment.conditionalrelease.AssignmentConditionService" />
		<property name="gradebookService" ref="org_sakaiproject_service_gradebook_GradebookService" />
	</bean>

</beans>
