<?xml version="1.0" encoding="UTF-8"?>
<!DOCTYPE beans PUBLIC "-//SPRING//DTD BEAN//EN" "http://www.springframework.org/dtd/spring-beans.dtd">
<!--
/**********************************************************************************
 * $URL:  $
 * $Id:  $
 ***********************************************************************************
 *
 * Copyright (c) 2003, 2004, 2005, 2006 The Sakai Foundation
 *
 * Licensed under the Educational Community License, Version 2.0 (the "License");
 * you may not use this file except in compliance with the License.
 * You may obtain a copy of the License at
 *
 *       http://www.osedu.org/licenses/ECL-2.0
 *
 * Unless required by applicable law or agreed to in writing, software
 * distributed under the License is distributed on an "AS IS" BASIS,
 * WITHOUT WARRANTIES OR CONDITIONS OF ANY KIND, either express or implied.
 * See the License for the specific language governing permissions and
 * limitations under the License.
 *
 **********************************************************************************/
-->
<beans>
 
 
  <bean id="emailMessageAdapter" 
    class="org.sakaiproject.search.component.adapter.message.MessageContentProducer"
    singleton="true"
    init-method="init" >
    <property name="messageService" ><ref bean="org.sakaiproject.mailarchive.api.MailArchiveService"/></property>
    
     <property name="entityManager"><ref bean="org.sakaiproject.entity.api.EntityManager" /></property>    
	 <property name="searchService"><ref bean="org.sakaiproject.search.api.SearchService"/></property>
     <property name="searchIndexBuilder"><ref bean="org.sakaiproject.search.api.SearchIndexBuilder" /></property>
     <property name="serverConfigurationService"><ref bean="org.sakaiproject.component.api.ServerConfigurationService"/></property>
     <property name="siteService" ref="org.sakaiproject.site.api.SiteService"/>
    
    
    <property name="toolName" ><value>email</value></property>
    <property name="addEvents" >
      <list>
        <value>mail.new</value>
        <value>mail.revise.own</value>
        <value>mail.revise.any</value>
      </list>
    </property>
    <property name="removeEvents" >
      <list>
        <value>mail.delete.own</value>
        <value>mail.delete.any</value>
      </list>
    </property>
  </bean>
  
  <bean id="announcementMessageAdapter" 
    class="org.sakaiproject.search.component.adapter.message.MessageContentProducer"
    singleton="true"
    init-method="init" >
    <property name="messageService" ><ref bean="org.sakaiproject.announcement.api.AnnouncementService"/></property>
    
     <property name="entityManager"><ref bean="org.sakaiproject.entity.api.EntityManager" /></property>    
	 <property name="searchService"><ref bean="org.sakaiproject.search.api.SearchService"/></property>
     <property name="searchIndexBuilder"><ref bean="org.sakaiproject.search.api.SearchIndexBuilder" /></property>
     <property name="serverConfigurationService"><ref bean="org.sakaiproject.component.api.ServerConfigurationService"/></property>
     <property name="siteService" ref="org.sakaiproject.site.api.SiteService"/>
    <property name="toolName" ><value>announcement</value></property>
    <property name="addEvents" >
      <list>
        <value>annc.new</value>
        <value>annc.revise.own</value>
        <value>annc.revise.any</value>
      </list>
    </property>
    <property name="removeEvents" >
      <list>
        <value>annc.delete.own</value>
        <value>annc.delete.any</value>
      </list>
    </property>
  </bean>
  
</beans>
