<?xml version="1.0" encoding="UTF-8"?>
<!DOCTYPE beans PUBLIC "-//SPRING//DTD BEAN//EN" "http://www.springframework.org/dtd/spring-beans.dtd">

<beans>

	<bean id="org.sakaiproject.mailarchive.api.MailArchiveService"
			class="org.sakaiproject.mailarchive.impl.DbMailArchiveService"
			init-method="init"
			destroy-method="destroy"
			singleton="true">
		<property name="memoryService"><ref bean="org.sakaiproject.memory.api.MemoryService"/></property>
		<property name="sqlService"><ref bean="org.sakaiproject.db.api.SqlService"/></property>
		<property name="notificationService"><ref bean="org.sakaiproject.event.api.NotificationService"/></property>
		<property name="serverConfigurationService"><ref bean="org.sakaiproject.component.api.ServerConfigurationService"/></property>
		<property name="entityManager"><ref bean="org.sakaiproject.entity.api.EntityManager"/></property>
		<property name="authzGroupService"><ref bean="org.sakaiproject.authz.api.AuthzGroupService"/></property>
		<property name="sessionManager"><ref bean="org.sakaiproject.tool.api.SessionManager"/></property>
		<property name="securityService"><ref bean="org.sakaiproject.authz.api.SecurityService"/></property>
		<property name="userDirectoryService"><ref bean="org.sakaiproject.user.api.UserDirectoryService"/></property>
		<property name="timeService"><ref bean="org.sakaiproject.time.api.TimeService"/></property>
		<property name="eventTrackingService"><ref bean="org.sakaiproject.event.api.EventTrackingService"/></property>
		<property name="idManager"><ref bean="org.sakaiproject.id.api.IdManager"/></property>
		<property name="threadLocalManager"><ref bean="org.sakaiproject.thread_local.api.ThreadLocalManager"/></property>
		<property name="siteService"><ref bean="org.sakaiproject.site.api.SiteService"/></property>

 		<property name="containerTableName"><value>MAILARCHIVE_CHANNEL</value></property>
 		<property name="resourceTableName"><value>MAILARCHIVE_MESSAGE</value></property>
 		<property name="locksInDb"><value>false</value></property>
 		<property name="autoDdl"><value>${auto.ddl}</value></property>
	</bean>
	
	<bean id="org.sakaiproject.user.api.UserNotificationPreferencesRegistration.mailarchive"
      parent="org.sakaiproject.user.api.UserNotificationPreferencesRegistration"
      class="org.sakaiproject.mailarchive.user.prefs.MailArchiveUserNotificationPreferencesRegistrationImpl"
      init-method="init" singleton="true">
      <property name="bundleLocation"><value>mailarchive-noti-prefs</value></property>
      <property name="sectionTitleBundleKey"><value>prefs_title</value></property>
      <property name="sectionDescriptionBundleKey"><value>prefs_description</value></property>
      <property name="overrideSectionTitleBundleKey"><value>prefs_title_override</value></property>
      <property name="defaultValue"><value>3</value></property>
      <property name="type"><value>sakai:mailarchive</value></property>
      <property name="prefix"><value>mail</value></property>
      <property name="toolId"><value>sakai.mailbox</value></property>
      <property name="rawOptions">
         <map>
            <entry key="1"><value>prefs_opt1</value></entry>
            <entry key="2"><value>prefs_opt2</value></entry>
            <entry key="3"><value>prefs_opt3</value></entry>
         </map>
      </property>
     <property name="overrideBySite"><value>false</value></property>
     <property name="expandByDefault"><value>true</value></property>
   </bean>

</beans>
