<?xml version="1.0" encoding="UTF-8"?>
<!DOCTYPE beans PUBLIC "-//SPRING//DTD BEAN//EN" "http://www.springframework.org/dtd/spring-beans.dtd">

<beans>
        <bean id="org.sakaiproject.basiclti.service.BasicLTISecurityService"
                        class="org.sakaiproject.basiclti.impl.BasicLTISecurityServiceImpl"
                        init-method="init"
                        destroy-method="destroy"
                        singleton="true">
        </bean>

        <bean id="org.sakaiproject.lti.api.LTIService"
                        class="org.sakaiproject.lti.impl.DBLTIService"
                        init-method="init"
                        destroy-method="destroy"
                        singleton="true">
                <property name="sqlService"><ref bean="org.sakaiproject.db.api.SqlService"/></property>
                <property name="eventTrackingService"><ref bean="org.sakaiproject.event.api.EventTrackingService"/></property>
                <property name="usageSessionService"><ref bean="org.sakaiproject.event.api.UsageSessionService"/></property>
                <property name="userDirectoryService"><ref bean="org.sakaiproject.user.api.UserDirectoryService"/></property>
                <property name="sessionManager"><ref bean="org.sakaiproject.tool.api.SessionManager"/></property>
                <property name="autoDdl"><value>${auto.ddl}</value></property>
        </bean>

</beans>
