<?xml version="1.0" encoding="UTF-8"?>
<!DOCTYPE beans PUBLIC "-//SPRING//DTD BEAN//EN" "http://www.springframework.org/dtd/spring-beans.dtd">

<beans>

	<bean id="org.sakaiproject.alias.api.AliasService"
			class="org.sakaiproject.alias.impl.DbAliasService"
			init-method="init"
			destroy-method="destroy"
			singleton="true">

		<lookup-method name="memoryService" bean="org.sakaiproject.memory.api.MemoryService" />
		<lookup-method name="serverConfigurationService" bean="org.sakaiproject.component.api.ServerConfigurationService" />
		<lookup-method name="entityManager" bean="org.sakaiproject.entity.api.EntityManager" />
		<lookup-method name="securityService" bean="org.sakaiproject.authz.api.SecurityService" />
		<lookup-method name="sessionManager" bean="org.sakaiproject.tool.api.SessionManager" />
		<lookup-method name="timeService" bean="org.sakaiproject.time.api.TimeService" />
		<lookup-method name="functionManager" bean="org.sakaiproject.authz.api.FunctionManager" />
		<lookup-method name="eventTrackingService" bean="org.sakaiproject.event.api.EventTrackingService" />
		<lookup-method name="userDirectoryService" bean="org.sakaiproject.user.api.UserDirectoryService" />
		<lookup-method name="sqlService" bean="org.sakaiproject.db.api.SqlService" />
		<lookup-method name="siteService" bean="org.sakaiproject.site.api.SiteService" />

		<property name="autoDdl"><value>${auto.ddl}</value></property>
		<property name="cacheMinutes"><value>5</value></property>
		<property name="cacheCleanerMinutes"><value>15</value></property>
	</bean>

</beans>
