<?xml version="1.0" encoding="UTF-8"?>
<!DOCTYPE beans PUBLIC "-//SPRING//DTD BEAN//EN" "http://www.springframework.org/dtd/spring-beans.dtd">

<beans>
    <!-- database beans -->
    <bean id="org.sakaiproject.authz.impl.DbAuthzGroupSqlDb2"       class="org.sakaiproject.authz.impl.DbAuthzGroupSqlDb2"     singleton="true"/>
    <bean id="org.sakaiproject.authz.impl.DbAuthzGroupSqlDefault"   class="org.sakaiproject.authz.impl.DbAuthzGroupSqlDefault" singleton="true"/>
    <bean id="org.sakaiproject.authz.impl.DbAuthzGroupSqlHSql"      class="org.sakaiproject.authz.impl.DbAuthzGroupSqlHSql"    singleton="true"/>
    <bean id="org.sakaiproject.authz.impl.DbAuthzGroupSqlMsSql"     class="org.sakaiproject.authz.impl.DbAuthzGroupSqlMsSql"   singleton="true"/>
    <bean id="org.sakaiproject.authz.impl.DbAuthzGroupSqlMySql"     class="org.sakaiproject.authz.impl.DbAuthzGroupSqlMySql"   singleton="true"/>
    <bean id="org.sakaiproject.authz.impl.DbAuthzGroupSqlOracle"    class="org.sakaiproject.authz.impl.DbAuthzGroupSqlOracle"  singleton="true"/>

	<bean id="org.sakaiproject.authz.api.AuthzGroupService"
			class="org.sakaiproject.authz.impl.DbAuthzGroupService"
			init-method="init"
			destroy-method="destroy"
			singleton="true"
			depends-on="org.sakaiproject.authz.impl.DbAuthzGroupService.realmRoleGroupCache">

		<lookup-method name="sqlService" bean="org.sakaiproject.db.api.SqlService" />
		<lookup-method name="userDirectoryService" bean="org.sakaiproject.user.api.UserDirectoryService" />
		<lookup-method name="serverConfigurationService" bean="org.sakaiproject.component.api.ServerConfigurationService" />
		<lookup-method name="entityManager" bean="org.sakaiproject.entity.api.EntityManager" />
		<lookup-method name="functionManager" bean="org.sakaiproject.authz.api.FunctionManager" />
		<lookup-method name="securityService" bean="org.sakaiproject.authz.api.SecurityService" />
		<lookup-method name="timeService" bean="org.sakaiproject.time.api.TimeService" />
 		<lookup-method name="eventTrackingService" bean="org.sakaiproject.event.api.EventTrackingService" />
 		<lookup-method name="sessionManager" bean="org.sakaiproject.tool.api.SessionManager" />
 		<property name="siteService" ref="org.sakaiproject.site.api.SiteService"/>

 		<property name="autoDdl"><value>${auto.ddl}</value></property>
 		<property name="promoteUsersToProvided"><value>true</value></property>
        <property name="databaseBeans">
           <map>
              <entry key="db2"    ><ref bean="org.sakaiproject.authz.impl.DbAuthzGroupSqlDb2"    /></entry>
              <entry key="default"><ref bean="org.sakaiproject.authz.impl.DbAuthzGroupSqlDefault"/></entry>
              <entry key="hsqldb" ><ref bean="org.sakaiproject.authz.impl.DbAuthzGroupSqlHSql"   /></entry>
              <entry key="mssql"  ><ref bean="org.sakaiproject.authz.impl.DbAuthzGroupSqlMsSql"  /></entry>
              <entry key="mysql"  ><ref bean="org.sakaiproject.authz.impl.DbAuthzGroupSqlMySql"  /></entry>
              <entry key="oracle" ><ref bean="org.sakaiproject.authz.impl.DbAuthzGroupSqlOracle" /></entry>
           </map>
        </property>
        <property name="memoryService" ref="org.sakaiproject.memory.api.MemoryService"/>
	</bean>

	<bean id="org.sakaiproject.authz.api.SecurityService"
			class="org.sakaiproject.authz.impl.SakaiSecurity"
			init-method="init"
			destroy-method="destroy"
			singleton="true">

		<lookup-method name="threadLocalManager" bean="org.sakaiproject.thread_local.api.ThreadLocalManager" />
		<lookup-method name="authzGroupService" bean="org.sakaiproject.authz.api.AuthzGroupService" />
		<lookup-method name="userDirectoryService" bean="org.sakaiproject.user.api.UserDirectoryService" />
 		<lookup-method name="memoryService" bean="org.sakaiproject.memory.api.MemoryService" />
 		<lookup-method name="entityManager" bean="org.sakaiproject.entity.api.EntityManager" />
		<lookup-method name="sessionManager" bean="org.sakaiproject.tool.api.SessionManager" />
		<lookup-method name="eventTrackingService" bean="org.sakaiproject.event.api.EventTrackingService" />

  		<property name="cacheMinutes"><value>5</value></property>
	</bean>

	<bean id="org.sakaiproject.authz.api.FunctionManager"
			class="org.sakaiproject.authz.impl.FunctionManagerComponent"
			init-method="init"
			destroy-method="destroy"
			singleton="true">
	</bean>

  <!-- KNL-600 caching for the realm roles groups -->
  <bean id="org.sakaiproject.authz.impl.DbAuthzGroupService.realmRoleGroupCache" 
        class="org.sakaiproject.memory.util.EhCacheFactoryBean">
    <property name="cacheManager" ref="org.sakaiproject.memory.api.MemoryService.cacheManager" />
    <property name="cacheName" value="org.sakaiproject.authz.impl.DbAuthzGroupService.realmRoleGroupCache" />
    <property name="maxElementsInMemory" value="125000" />
    <property name="timeToLive" value="3600" />
    <property name="timeToIdle" value="0" />
    <!-- As the base classes stored in this cache are in impl
    writing them to disk results in an error see KNL-975 -->
    <property name="overflowToDisk" value="false" />
  </bean>

</beans>
