<?xml version="1.0" encoding="UTF-8"?>
<!DOCTYPE beans PUBLIC "-//SPRING//DTD BEAN//EN" "http://www.springframework.org/dtd/spring-beans.dtd">

<beans>
     <import resource="component-components.xml" />
     <import resource="alias-components.xml" />
     <import resource="db-components.xml" />
     <import resource="site-components.xml" />
     <import resource="authz-components.xml" />
     <import resource="email-components.xml" />
     <import resource="tool-components.xml" />
     <import resource="cluster-components.xml" />
     <import resource="antivirus-components.xml"/>
     <import resource="content-components.xml" />
	 <import resource="conditions-components.xml" />
     <import resource="entity-components.xml" />
     <import resource="user-components.xml" />
     <import resource="event-components.xml" />
     <import resource="memory-components.xml" />
     <import resource="util-components.xml" />
     <import resource="messagebundle-components.xml" />

</beans>
