<?xml version="1.0" encoding="UTF-8"?>
<!DOCTYPE beans PUBLIC "-//SPRING//DTD BEAN//EN" "http://www.springframework.org/dtd/spring-beans.dtd">

<beans>

	<bean id="org.sakaiproject.email.api.DigestService"
			class="org.sakaiproject.email.impl.DbDigestService"
			init-method="init"
			destroy-method="destroy"
			singleton="true">

		<property name="timeService" ref="org.sakaiproject.time.api.TimeService" />
		<property name="serverConfigurationService" ref="org.sakaiproject.component.api.ServerConfigurationService" />
		<property name="emailService" ref="org.sakaiproject.email.api.EmailService" />
		<property name="eventTrackingService" ref="org.sakaiproject.event.api.EventTrackingService" />
		<property name="securityService" ref="org.sakaiproject.authz.api.SecurityService" />
		<property name="userDirectoryService" ref="org.sakaiproject.user.api.UserDirectoryService" />
		<property name="sessionManager" ref="org.sakaiproject.tool.api.SessionManager" />
		<property name="sqlService" ref="org.sakaiproject.db.api.SqlService" />

 		<property name="tableName"><value>SAKAI_DIGEST</value></property>
 		<property name="locksInDb"><value>false</value></property>
 		<property name="autoDdl"><value>${auto.ddl}</value></property>
	</bean>

	<bean id="org.sakaiproject.email.api.EmailService"
			class="org.sakaiproject.email.impl.BasicEmailService"
			init-method="init"
			destroy-method="destroy"
			singleton="true">

		<property name="serverConfigurationService" ref="org.sakaiproject.component.api.ServerConfigurationService" />

		<property name="smtp"><null/></property>
		<property name="smtpPort"><null/></property>
		<property name="smtpFrom"><null/></property>
		<property name="maxRecipients"><value>100</value></property>
		<property name="oneMessagePerConnection"><value>false</value></property>
		<property name="testMode"><value>false</value></property>
	</bean>

</beans>
