<?xml version="1.0" encoding="UTF-8"?>
<!DOCTYPE beans PUBLIC "-//SPRING//DTD BEAN//EN" "http://www.springframework.org/dtd/spring-beans.dtd">

<beans>

	<bean id="org.sakaiproject.memory.api.MemoryService"
			class="org.sakaiproject.memory.impl.BasicMemoryService"
			init-method="init"
			destroy-method="destroy"
			singleton="true">

 		<lookup-method name="eventTrackingService" bean="org.sakaiproject.event.api.EventTrackingService" />
 		<lookup-method name="securityService" bean="org.sakaiproject.authz.api.SecurityService" />
 		<lookup-method name="usageSessionService" bean="org.sakaiproject.event.api.UsageSessionService" />
 		<lookup-method name="authzGroupService" bean="org.sakaiproject.authz.api.AuthzGroupService" />
 		<lookup-method name="serverConfigurationService" bean="org.sakaiproject.component.api.ServerConfigurationService" />

 		<property name="cacheLogging"><value>false</value></property>
 		
  		<property name="cacheManager"><ref bean="org.sakaiproject.memory.api.MemoryService.cacheManager"/></property>
	</bean>


	<bean id="org.sakaiproject.memory.api.MemoryService.cacheManager" 
	    class="org.springframework.cache.ehcache.EhCacheManagerFactoryBean">
  		<property name="configLocation">
    	<value>classpath:org/sakaiproject/memory/api/ehcache.xml</value>
  		</property>
	</bean>

	<!-- 
	a JMX Agent to make the Cache visable in JConsole 
	-->
	<bean id="org.sakaiproject.memory.api.MemoryService.jmxAgent" 
	    class="org.sakaiproject.memory.impl.MemoryServiceJMXAgent"
	    init-method="init" >
  		<property name="cacheManager"><ref bean="org.sakaiproject.memory.api.MemoryService.cacheManager"/></property>
		<property name="registerCacheManager"><value>true</value></property>
		<property name="registerCaches"><value>true</value></property>
		<property name="registerCacheConfigurations"><value>true</value></property>
		<property name="registerCacheStatistics"><value>true</value></property>
	</bean>

</beans>
