<?xml version="1.0" encoding="UTF-8"?>

<!DOCTYPE beans PUBLIC "-//SPRING//DTD BEAN//EN" "http://www.springframework.org/dtd/spring-beans.dtd">

<beans>
    <bean id="sakai.messagebundle.mappings"
       class="org.sakaiproject.springframework.orm.hibernate.impl.AdditionalHibernateMappingsImpl">
       <property name="mappingResources">
          <list>
             <value>org/sakaiproject/messagebundle/api/MessageBundleProperty.hbm.xml</value>
          </list>
         </property>
    </bean>

   <bean id="org.sakaiproject.messagebundle.api.MessageBundleService.target"
         class="org.sakaiproject.messagebundle.impl.MessageBundleServiceImpl"
         singleton="true" init-method="init" lazy-init="true">
      <property name="sessionFactory">
         <ref bean="org.sakaiproject.springframework.orm.hibernate.GlobalSessionFactory"/>
      </property>
   </bean>

    <bean id="org.sakaiproject.messagebundle.api.MessageBundleService"
         class="org.springframework.transaction.interceptor.TransactionProxyFactoryBean"
         singleton="true" lazy-init="true">
         <property name="transactionManager">
           <ref bean="org.sakaiproject.springframework.orm.hibernate.GlobalTransactionManager"/>
         </property>
         <property name="target">
            <ref bean="org.sakaiproject.messagebundle.api.MessageBundleService.target"/>
         </property>
         <property name="transactionAttributes">
            <props>
               <prop key="*">PROPAGATION_REQUIRED</prop>
            </props>
         </property>
      </bean>

</beans>