<?xml version="1.0" encoding="UTF-8"?>
<!DOCTYPE beans PUBLIC "-//SPRING//DTD BEAN//EN" "http://www.springframework.org/dtd/spring-beans.dtd">
<beans>

	<!-- Hibernate mappings -->
   <bean id="org.sakaiproject.service.gradebook.hibernateMappings"
      class="org.sakaiproject.springframework.orm.hibernate.impl.AdditionalHibernateMappingsImpl">
		<property name="mappingResources">
		    <list>
  				<value>org/sakaiproject/tool/gradebook/Gradebook.hbm.xml</value>
	  			<value>org/sakaiproject/tool/gradebook/GradableObject.hbm.xml</value>
		  		<value>org/sakaiproject/tool/gradebook/GradeRecord.hbm.xml</value>
			  	<value>org/sakaiproject/tool/gradebook/GradingEvent.hbm.xml</value>
				  <value>org/sakaiproject/tool/gradebook/GradingScale.hbm.xml</value>
  				<value>org/sakaiproject/tool/gradebook/GradebookProperty.hbm.xml</value>
	  			<value>org/sakaiproject/tool/gradebook/GradeMapping.hbm.xml</value>
          <value>org/sakaiproject/tool/gradebook/Spreadsheet.hbm.xml</value>
          <value>org/sakaiproject/tool/gradebook/Comment.hbm.xml</value>
          <value>org/sakaiproject/tool/gradebook/Category.hbm.xml</value>
          <value>org/sakaiproject/tool/gradebook/LetterGradePercenteMapping.hbm.xml</value>
          <value>org/sakaiproject/tool/gradebook/Permission.hbm.xml</value>
        </list>
		</property>
   </bean>

	<!-- Required facade definitions -->
	<!-- <import resource="spring-facades.xml" /> -->

    <bean id="org_sakaiproject_tool_gradebook_facades_Authn"
          class="org.sakaiproject.tool.gradebook.facades.sakai2impl.AuthnSakai2Impl">
    </bean>

    <bean id="org_sakaiproject_tool_gradebook_facades_Authz"
          class="org.sakaiproject.tool.gradebook.facades.sakai2impl.AuthzSakai2Impl"
          init-method="init">
        <property name="sectionAwareness"><ref bean="org.sakaiproject.section.api.SectionAwareness"/></property>
        <property name="authn"><ref bean="org_sakaiproject_tool_gradebook_facades_Authn"/></property>
        <property name="gradebookPermissionService"><ref bean="org_sakaiproject_service_gradebook_GradebookPermissionService"/></property>
    </bean>

    <bean id="org_sakaiproject_tool_gradebook_facades_EventTrackingService"
          class="org.sakaiproject.tool.gradebook.facades.sakai2impl.EventTrackingServiceSakai2Impl">
        <property name="eventTrackingService"><ref bean="org.sakaiproject.event.api.EventTrackingService"/></property>
    </bean>
    
    <bean id="org_sakaiproject_tool_gradebook_facades_PublishedAssessmentService"
          class="org.sakaiproject.tool.gradebook.facades.sakai2impl.PublishedAssessmentServiceSakai2Impl">
        <property name="publishedAssessmentFacadeQueries">
        	<ref bean="PublishedAssessmentFacadeQueries" />
        </property>
    </bean>

    <!-- Service implementation hook-up with Sakai DB -->

    <bean id="org_sakaiproject_service_gradebook_GradebookFrameworkServiceTarget"
          class="org.sakaiproject.component.gradebook.GradebookFrameworkServiceImpl"
          name="org.sakaiproject.service.gradebook.GradebookFrameworkServiceTarget">
        <property name="sessionFactory"><ref bean="org.sakaiproject.springframework.orm.hibernate.GlobalSessionFactory"/></property>
		<property name="authn">
			<ref bean="org_sakaiproject_tool_gradebook_facades_Authn" />
		</property>
	</bean>

	<bean id="org_sakaiproject_service_gradebook_GradebookExternalAssessmentServiceTarget"
		class="org.sakaiproject.component.gradebook.GradebookExternalAssessmentServiceImpl"
		name="org.sakaiproject.service.gradebook.GradebookExternalAssessmentServiceTarget"
        init-method="init" destroy-method="destroy">
		<property name="sessionFactory"><ref bean="org.sakaiproject.springframework.orm.hibernate.GlobalSessionFactory"/></property>
		<property name="authn">
			<ref bean="org_sakaiproject_tool_gradebook_facades_Authn" />
		</property>
		<property name="eventTrackingService" ref="org_sakaiproject_tool_gradebook_facades_EventTrackingService" />
		<!-- This would be a circular dependency, so for now, we get it from the ComponentManager. -->
		<!-- <property name="gradebookService" ref="org_sakaiproject_service_gradebook_GradebookService" /> -->
	</bean>

	<bean id="org_sakaiproject_service_gradebook_GradebookServiceTarget"
		class="org.sakaiproject.component.gradebook.GradebookServiceHibernateImpl"
        name="org.sakaiproject.service.gradebook.GradebookServiceTarget">
        <property name="sessionFactory"><ref bean="org.sakaiproject.springframework.orm.hibernate.GlobalSessionFactory"/></property>
        <property name="sectionAwareness">
            <ref bean="org.sakaiproject.section.api.SectionAwareness" />
        </property>
        <property name="authn">
            <ref bean="org_sakaiproject_tool_gradebook_facades_Authn" />
        </property>
        <property name="authz">
            <ref bean="org_sakaiproject_tool_gradebook_facades_Authz" />
        </property>
        <property name="eventTrackingService">
            <ref bean="org_sakaiproject_tool_gradebook_facades_EventTrackingService"/>
        </property>
        <property name="gradebookPermissionService">
        	<ref bean="org_sakaiproject_service_gradebook_GradebookPermissionService"/>
        </property>

        <!-- Temporary support for deprecated methods. -->
        <property name="frameworkService">
            <ref bean="org_sakaiproject_service_gradebook_GradebookFrameworkService" />
        </property>
        <property name="externalAssessmentService">
            <ref bean="org_sakaiproject_service_gradebook_GradebookExternalAssessmentService" />
        </property>
	</bean>
	<bean id="org_sakaiproject_service_gradebook_GradebookPermissionServiceTarget"
          class="org.sakaiproject.component.gradebook.GradebookPermissionServiceImpl"
          name="org.sakaiproject.service.gradebook.GradebookPermissionServiceTarget">
        <property name="sessionFactory"><ref bean="org.sakaiproject.springframework.orm.hibernate.GlobalSessionFactory"/></property>
        <property name="sectionAwareness"><ref bean="org.sakaiproject.section.api.SectionAwareness"/></property>
	</bean>
	

	<bean id="gradebookServiceTemplate"
		class="org.springframework.transaction.interceptor.TransactionProxyFactoryBean"
		abstract="true">
		<property name="transactionManager">
			<ref bean="org.sakaiproject.springframework.orm.hibernate.GlobalTransactionManager"/>
		</property>
		<property name="transactionAttributes">
			<props>
				<prop key="get*">PROPAGATION_REQUIRED,readOnly,+org.sakaiproject.service.gradebook.shared.GradebookException</prop>
				<prop key="is*">PROPAGATION_REQUIRED,readOnly,+org.sakaiproject.service.gradebook.shared.GradebookException</prop>
				<prop key="*">PROPAGATION_REQUIRED,+org.sakaiproject.service.gradebook.shared.GradebookException</prop>
			</props>
		</property>
	</bean>
	<bean id="org_sakaiproject_service_gradebook_GradebookService"
		name="org.sakaiproject.service.gradebook.GradebookService"
		parent="gradebookServiceTemplate"
		singleton="true">
		<property name="target">
			<ref bean="org_sakaiproject_service_gradebook_GradebookServiceTarget"/>
		</property>
	</bean>
	<bean id="org_sakaiproject_service_gradebook_GradebookFrameworkService"
		name="org.sakaiproject.service.gradebook.GradebookFrameworkService"
		parent="gradebookServiceTemplate"
		singleton="true">
		<property name="target">
			<ref bean="org_sakaiproject_service_gradebook_GradebookFrameworkServiceTarget"/>
		</property>
	</bean>
	<bean id="org_sakaiproject_service_gradebook_GradebookExternalAssessmentService"
		name="org.sakaiproject.service.gradebook.GradebookExternalAssessmentService"
		parent="gradebookServiceTemplate"
		singleton="true">
		<property name="target">
			<ref bean="org_sakaiproject_service_gradebook_GradebookExternalAssessmentServiceTarget"/>
		</property>
	</bean>

	<!-- ContextObserver to take action when the Gradebook is added to or removed from a site -->
	<bean id="org_sakaiproject_service_gradebook_EntityProducer"
		class="org.sakaiproject.tool.gradebook.facades.sakai2impl.GradebookEntityProducer"
		init-method="init">
		<property name="label" value="gradebook"/>
		<property name="gradebookFrameworkService">
			<ref bean="org_sakaiproject_service_gradebook_GradebookFrameworkService" />
		</property>
		<property name="gradebookService">
			<ref bean="org_sakaiproject_service_gradebook_GradebookService" />
		</property>
		<property name="toolIds">
		    <list>
				<value>sakai.gradebook.tool</value>
			</list>
		</property>
        <property name="entityManager">
            <ref bean="org.sakaiproject.entity.api.EntityManager" />
        </property>
	</bean>

	<bean id="org_sakaiproject_service_gradebook_ConditionsProvider"
		class="org.sakaiproject.tool.gradebook.facades.sakai2impl.GradebookConditionsProvider"
		init-method="init">
		<property name="conditionService" ref="org.sakaiproject.conditions.api.ConditionService" />
		<property name="gradebookService" ref="org_sakaiproject_service_gradebook_GradebookService" />
	</bean>

	<!-- Gradebook Permission Service -->
	<bean id="org_sakaiproject_service_gradebook_GradebookPermissionService"
		name="org.sakaiproject.service.gradebook.GradebookPermissionService"
		parent="gradebookServiceTemplate"
		singleton="true">
		<property name="target">
			<ref bean="org_sakaiproject_service_gradebook_GradebookPermissionServiceTarget"/>
		</property>
	</bean>

	<!-- Simple configuration handler. -->
	<bean id="org_sakaiproject_service_gradebook_GradebookConfiguration"
		class="org.sakaiproject.tool.gradebook.facades.sakai2impl.GradebookConfigurationSakai"
		init-method="init">

		<property name="autoDdl" value="${auto.ddl}"/>
		<property name="sqlService" ref="org.sakaiproject.db.api.SqlService"/>

		<property name="gradebookFrameworkService" ref="org.sakaiproject.service.gradebook.GradebookFrameworkService"/>

		<!-- Set up default system-wide grading scales. -->

		<property name="availableGradingScales">
			<list>
				<bean class="org.sakaiproject.service.gradebook.shared.GradingScaleDefinition">
					<property name="uid" value="LetterGradePlusMinusMapping"/>
					<property name="name" value="Escala de letras con +/-"/>
					<property name="grades">
						<list>
							<value>A+</value>
							<value>A</value>
							<value>A-</value>
							<value>B+</value>
							<value>B</value>
							<value>B-</value>
							<value>C+</value>
							<value>C</value>
							<value>C-</value>
							<value>D+</value>
							<value>D</value>
							<value>D-</value>
							<value>F</value>
						</list>
					</property>
					<property name="defaultBottomPercents">
						<list>
							<value>100.0</value>
							<value>95.0</value>
							<value>90.0</value>
							<value>87.0</value>
							<value>83.0</value>
							<value>80.0</value>
							<value>77.0</value>
							<value>73.0</value>
							<value>70.0</value>
							<value>67.0</value>
							<value>63.0</value>
							<value>60.0</value>
							<value>00.0</value>
						</list>
					</property>
				</bean>
				<bean class="org.sakaiproject.service.gradebook.shared.GradingScaleDefinition">
					<property name="uid" value="LetterGradeMapping"/>
					<property name="name" value="Escala de letras"/>
					<property name="grades">
						<list>
							<value>A</value>
							<value>B</value>
							<value>C</value>
							<value>D</value>
							<value>F</value>
						</list>
					</property>
					<property name="defaultBottomPercents">
						<list>
							<value>90.0</value>
							<value>80.0</value>
							<value>70.0</value>
							<value>60.0</value>
							<value>00.0</value>
						</list>
					</property>
				</bean>
				<bean class="org.sakaiproject.service.gradebook.shared.GradingScaleDefinition">
					<property name="uid" value="PassNotPassMapping"/>
					<property name="name" value="Apto / No apto"/>
					<property name="grades">
						<list>
							<value>Apto</value>
							<value>No Apto</value>
						</list>
					</property>
					<property name="defaultBottomPercents">
						<list>
							<value>75.0</value>
							<value>0.0</value>
						</list>
					</property>
				</bean>
				

				<!-- Modificado por la UPV -->
				<bean class="org.sakaiproject.service.gradebook.shared.GradingScaleDefinition">
					<property name="uid" value="TraditionalScaleMapping"/>
					<property name="name" value="Escala Convencional"/>
					<property name="grades">
						<list>
							<value>Matrícula de Honor</value>
							<value>Sobresaliente</value>
							<value>Notable</value>
							<value>Aprobado</value>
							<value>Suspenso</value>
						</list>
					</property>
					<property name="defaultBottomPercents">
						<list>
							<value>100</value>
							<value>90</value>
							<value>70</value>
							<value>50</value>
							<value>00</value>
						</list>
					</property>
				</bean>				
				
				<bean class="org.sakaiproject.service.gradebook.shared.GradingScaleDefinition">
					<property name="uid" value="GradeScaleMapping"/>
					<property name="name" value="Escala Tradicional"/>
					<property name="grades">
						<list>
							<value>Sobresaliente</value>
							<value>Notable</value>
							<value>Bien</value>
							<value>Suficiente</value>
							<value>Insuficiente</value>
							<value>Deficiente</value>
						</list>
					</property>
					<property name="defaultBottomPercents">
						<list>
							<value>90</value>
							<value>70</value>
							<value>60</value>
							<value>50</value>
							<value>40</value>
							<value>30</value>
						</list>
					</property>
				</bean>
				
				<bean class="org.sakaiproject.service.gradebook.shared.GradingScaleDefinition">
					<property name="uid" value="GradeScaleMapping"/>
					<property name="name" value="Escala Idiomas"/>
					<property name="grades">
						<list>
							<value>C1</value>
							<value>B2</value>
							<value>B1+</value>
							<value>B1</value>
							<value>A2</value>
							<value>A1</value>
						</list>
					</property>
					<property name="defaultBottomPercents">
						<list>
							<value>90</value>
							<value>74</value>
							<value>60</value>
							<value>42</value>
							<value>24</value>
							<value>2</value>
						</list>
					</property>
				</bean>

				<!-- Fin -->
				
			</list>
		</property>

		<property name="defaultGradingScale" value="TraditionalScaleMapping"/>

		<!--
			You could use a configuration like this to disable the plus-minus scale,
			add a new scale, change the name displayed for "Letter Grades" and their
			default values, and add manual-only non-percentage mapped grades to the
			"Pass / Not Pass" scale to allow for "I"ncompletes.
		-->
<!--
		<property name="availableGradingScales">
			<list>
				<bean class="org.sakaiproject.service.gradebook.shared.GradingScaleDefinition">
					<property name="uid" value="LetterGradeQuestionableMapping"/>
					<property name="name" value="Letter Grades with !?"/>
					<property name="grades">
						<list>
							<value>A!</value>
							<value>A?</value>
							<value>B!</value>
							<value>B?</value>
							<value>C!</value>
							<value>C?</value>
							<value>D!</value>
							<value>D?</value>
							<value>F!?</value>
						</list>
					</property>
					<property name="defaultBottomPercents">
						<list>
							<value>100.0</value>
							<value>90.0</value>
							<value>87.0</value>
							<value>80.0</value>
							<value>77.0</value>
							<value>70.0</value>
							<value>67.0</value>
							<value>60.0</value>
							<value>00.0</value>
						</list>
					</property>
				</bean>
				<bean class="org.sakaiproject.service.gradebook.shared.GradingScaleDefinition">
					<property name="uid" value="LetterGradeMapping"/>
					<property name="name" value="Better Grades"/>
					<property name="grades">
						<list>
							<value>A</value>
							<value>B</value>
							<value>C</value>
							<value>D</value>
							<value>F</value>
						</list>
					</property>
					<property name="defaultBottomPercents">
						<list>
							<value>50.0</value>
							<value>30.0</value>
							<value>20.0</value>
							<value>10.0</value>
							<value>00.0</value>
						</list>
					</property>
				</bean>
				<bean class="org.sakaiproject.service.gradebook.shared.GradingScaleDefinition">
					<property name="uid" value="PassNotPassMapping"/>
					<property name="name" value="Pass / Not Pass"/>
					<property name="grades">
						<list>
							<value>P</value>
							<value>NP</value>
							<value>I</value>
						</list>
					</property>
					<property name="defaultBottomPercents">
						<list>
							<value>75.0</value>
							<value>0.0</value>
						</list>
					</property>
				</bean>
			</list>
		</property>

		<property name="defaultGradingScale" value="LetterGradeMapping"/>
-->
	</bean>

</beans>
