<?xml version="1.0" encoding="UTF-8"?>
<!DOCTYPE beans PUBLIC "-//SPRING//DTD BEAN//EN" "http://www.springframework.org/dtd/spring-beans.dtd">

<beans>

  <bean id="org.sakaiproject.springframework.orm.hibernate.impl.AdditionalHibernateMappingsImpl.siteAssociation"
    class="org.sakaiproject.springframework.orm.hibernate.impl.AdditionalHibernateMappingsImpl">
    <property name="mappingResources">
      <list>
        <value>
          org/sakaiproject/siteassociation/impl/AssociationImpl.hbm.xml
        </value>
      </list>
    </property>
  </bean>


  <bean id="org.sakaiproject.siteassociation.api.SiteAssocManager"
        class="org.springframework.transaction.interceptor.TransactionProxyFactoryBean">
    <property name="transactionManager">
      <ref bean="org.sakaiproject.springframework.orm.hibernate.GlobalTransactionManager" />
    </property>
    <property name="target">
      <bean class="org.sakaiproject.siteassociation.impl.SiteAssocManagerImpl"
            singleton="true">
        <property name="sessionFactory">
          <ref bean="org.sakaiproject.springframework.orm.hibernate.GlobalSessionFactory" />
        </property>
        <property name="siteService">
      		<ref bean="org.sakaiproject.site.api.SiteService" />
   		</property>
      </bean>
    </property>
    
    <property name="transactionAttributes">
      <props>
        <prop key="*">PROPAGATION_REQUIRED</prop>
      </props>
    </property>
  </bean> 
</beans>
