<?xml version="1.0" encoding="UTF-8"?>
<!DOCTYPE beans PUBLIC "-//SPRING//DTD BEAN//EN" "http://www.springframework.org/dtd/spring-beans.dtd">

<beans>

    <bean id="org.sakaiproject.jobscheduler.hibernate.AdditionalHibernateMappings"
          class="org.sakaiproject.springframework.orm.hibernate.impl.AdditionalHibernateMappingsImpl">
        <property name="mappingResources">
            <list>
                <value>org/sakaiproject/scheduler/events/hibernate/TriggerEventHibernateImpl.hbm.xml</value>
            </list>
        </property>
    </bean>

    <bean id="org.sakaiproject.api.app.scheduler.events.TriggerEventManager.wrapped"
          class="org.sakaiproject.component.app.scheduler.events.hibernate.TriggerEventManagerHibernateImpl">
        <property name="sessionFactory" ref="org.sakaiproject.springframework.orm.hibernate.GlobalSessionFactory"/>
    </bean>

    <bean id="org.sakaiproject.api.app.scheduler.events.TriggerEventManager"
          class="org.springframework.transaction.interceptor.TransactionProxyFactoryBean"
          singleton="true">
        <property name="transactionManager">
            <ref bean="org.sakaiproject.springframework.orm.hibernate.GlobalTransactionManager"/>
        </property>
        <property name="target">
            <ref bean="org.sakaiproject.api.app.scheduler.events.TriggerEventManager.wrapped"/>
        </property>
        <property name="transactionAttributes">
            <props>
                <prop key="*">PROPAGATION_REQUIRED</prop>
            </props>
        </property>
    </bean>

    <bean id="navigableLogListener" class="org.sakaiproject.component.app.scheduler.NavigableEventLogListener"/>

    <bean id="org.sakaiproject.api.app.scheduler.SchedulerManager"
        class="org.sakaiproject.component.app.scheduler.SchedulerManagerImpl"
        init-method="init" destroy-method="destroy">        
        <property name="qrtzJobs">
            <set>                
            </set>
        </property>
        <property name="qrtzPropFile">
            <value>quartz.properties</value>
        </property>    
        <property name="globalTriggerListener">
            <bean class="org.sakaiproject.component.app.scheduler.GlobalTriggerListener">
                <property name="triggerEventManager">
                    <ref bean="org.sakaiproject.api.app.scheduler.events.TriggerEventManager"/>
                    <!--bean class="org.sakaiproject.component.app.scheduler.events.TriggerEventManagerImpl"/-->
                </property>
            </bean>
        </property>
        <property name="globalTriggerListeners">
            <set>
                <ref bean="navigableLogListener"/>
            </set>
        </property>
        <property name="globalJobListeners">
            <set>
                <ref bean="navigableLogListener"/>
            </set>
        </property>
        <property name="dataSource">
          <ref bean="javax.sql.DataSource"/>    
        </property>
        <property name="serverId">
            <bean class="org.springframework.beans.factory.config.MethodInvokingFactoryBean">
                <property name="targetObject"><ref bean="org.sakaiproject.component.api.ServerConfigurationService"/></property>
                <property name="targetMethod"><value>getString</value></property>
                <property name="arguments">
                    <list>
                        <value>serverId</value>
                    </list>
                </property>
            </bean>
        </property>
        <property name="autoDdl">
          <value>${auto.ddl}</value>
        </property>
        <property name="initialJobSchedules">
            <list>
                <ref bean="eventPurgeScheduling"/>
            </list>
        </property>
    </bean>
    
    <bean id="org.sakaiproject.api.app.scheduler.ScheduledInvocationManager"
        class="org.sakaiproject.component.app.scheduler.ScheduledInvocationManagerImpl"
        init-method="init" destroy-method="destroy"> 
        <property name="sqlService">
        	<ref bean="org.sakaiproject.db.api.SqlService"/>
        </property> 
        <property name="idManager">
        	<ref bean="org.sakaiproject.id.api.IdManager"/>
        </property>
        <property name="schedulerManager">
        	<ref bean="org.sakaiproject.api.app.scheduler.SchedulerManager"/>
        </property>
        <property name="serverConfigurationService">
        	<ref bean="org.sakaiproject.component.api.ServerConfigurationService"/>
        </property>
    </bean>   
    
    <bean id="eventPurgeJob" class="org.sakaiproject.component.app.scheduler.jobs.eventpurge.EventLogPurgeJob">
        <property name="triggerEventManager">
            <ref bean="org.sakaiproject.api.app.scheduler.events.TriggerEventManager"/>
        </property>
    </bean>

    <bean id="eventPurgeJobWrapper" class="org.sakaiproject.component.app.scheduler.jobs.SpringConfigurableJobBeanWrapper"
        singleton="true" init-method="init">
      <property name="beanId">
         <value>eventPurgeJob</value>
      </property>
      <property name="jobName">
         <value>Event Log Purge</value>
      </property>
      <property name="resourceBundleBase" value="org.sakaiproject.component.app.scheduler.jobs.eventpurge.Messages"/>
      <property name="configurableJobProperties">
          <set>
              <bean id="number.days" class="org.sakaiproject.component.app.scheduler.jobs.SpringConfigurableJobProperty">
                   <property name="required" value="true"/>
                   <property name="labelResourceKey" value="number.days"/>
                   <property name="descriptionResourceKey" value="number.days.description"/>
                   <property name="defaultValue" value="7"/>
              </bean>
          </set>
      </property>
      <property name="configurableJobPropertyValidator">
          <bean class="org.sakaiproject.component.app.scheduler.jobs.eventpurge.EventPurgeConfigurationValidator"/>
      </property>
      <property name="schedulerManager">
         <ref bean="org.sakaiproject.api.app.scheduler.SchedulerManager" />
      </property>
    </bean>

    <bean id="eventPurgeScheduling" class="org.sakaiproject.component.app.scheduler.jobs.SpringInitialJobSchedule"
          singleton="true">
        <property name="jobBeanWrapper"><ref bean="eventPurgeJobWrapper"/></property>
        <property name="jobName" value="Event Log Purge"/>
        <property name="triggerName" value="Nightly Log Purge Trigger"/>
        <property name="cronExpression" value="0 0 0 * * ? *"/>
        <property name="configuration">
            <map>
                <entry key="number.days" value="7"/>
            </map>
        </property>
    </bean>

   <!-- Conditions Job -->
   		<!--  simple job that fires a Datetime event -->   
	   <bean id="datetimeJob"
	   		class="org.sakaiproject.conditions.job.DatetimeEventJob">
	   	</bean>
	   	

	   <!-- this is the helper that will register the above bean with the job scheduler -->
	   <!--
	   <bean id="org.sakaiproject.api.app.scheduler.JobBeanWrapper.DatetimeEventJob"
	      class="org.sakaiproject.component.app.scheduler.jobs.SpringJobBeanWrapper"
	      singleton="true" init-method="init">
	      <property name="beanId">
	         <value>datetimeJob</value>
	      </property>
	      <property name="jobName">
	         <value>Conditional Release Datetime Job</value>
	      </property>
	      <property name="schedulerManager">
	         <ref bean="org.sakaiproject.api.app.scheduler.SchedulerManager" />
	      </property>
	   </bean>
	   -->
   
</beans>
