<?xml version="1.0" encoding="UTF-8"?>
<!DOCTYPE beans PUBLIC "-//SPRING//DTD BEAN//EN" "http://www.springframework.org/dtd/spring-beans.dtd">
<beans>
	
	
	<!-- Default values:  overridable in sakai.properties -->
	<bean id="sitestatsDbPropertyConfigurer"
		class="org.springframework.beans.factory.config.PropertyPlaceholderConfigurer">
		<property name="order" value="-10"/>
		<property name="ignoreUnresolvablePlaceholders" value="true"/>
		<property name="ignoreResourceNotFound" value="true"/>
		<property name="systemPropertiesModeName" value="SYSTEM_PROPERTIES_MODE_OVERRIDE"/>
		<property name="placeholderPrefix" value="#{"/>
		<property name="placeholderSuffix" value="}"/>
		<property name="locations">
			<list>
				<value>file:${sakai.home}/sakai.properties</value>
				<value>file:${sakai.home}/local.properties</value>
			</list>
		</property>
		<property name="properties">
			<props>
				<!-- Use internal DB by default. -->
				<prop key="sitestats.db">internal</prop>
				
				<!-- Use HsqlDB as default for external DB. -->
				<prop key="sitestats.externalDb.hibernate.dialect">org.hibernate.dialect.HSQLDialect</prop>
				
				<!-- Set auto.ddl for external DB. -->
				<prop key="sitestats.externalDb.auto.ddl">true</prop>
			</props>
		</property>
	</bean>


	<!-- Database:  load specific session factory and transaction manager defenitions
					for internal (Sakai) and external DB. -->
    <import resource="hbm-db.xml" />
	<import resource="internal-db.xml" />
	<import resource="external-db.xml" />
	
	
</beans>
