<?xml version="1.0" encoding="UTF-8"?>
<!DOCTYPE beans PUBLIC "-//SPRING//DTD BEAN//EN" "http://www.springframework.org/dtd/spring-beans.dtd">
<beans>	


	<!-- Session Factory -->
	<bean id="externalSitestatsSessionFactory"
		class="org.sakaiproject.springframework.orm.hibernate.impl.ClassicLocalSessionFactoryBeanHibernate31"
		lazy-init="true">
		<property name="mappingResources" ref="org.sakaiproject.sitestats.HibernateMappings"/>
		<property name="hibernateProperties" ref="org.sakaiproject.sitestats.externalDbHibernateProperties"/>
		<property name="dataSource" ref="org.sakaiproject.sitestats.externalDbDataSource"/>
		<property name="schemaUpdate" value="#{sitestats.externalDb.auto.ddl}"/>		
	</bean>
	
	
	<!-- Transaction Manager -->
	<bean id="externalSitestatsTransactionManager"
		class="org.springframework.orm.hibernate3.HibernateTransactionManager"
		lazy-init="true">
		<property name="sessionFactory">
			<ref bean="externalSitestatsSessionFactory" />
		</property>
	</bean>
	
	
	<!-- Hibernate Properties -->
	<bean id="org.sakaiproject.sitestats.externalDbHibernateProperties"
		class="org.springframework.beans.factory.config.PropertiesFactoryBean"
		lazy-init="true" depends-on="sitestatsDbPropertyConfigurer">
		<property name="properties">
			<props>
				<prop key="hibernate.dialect">#{sitestats.externalDb.hibernate.dialect}</prop>
				<prop key="hibernate.query.factory_class">org.hibernate.hql.ast.ASTQueryTranslatorFactory</prop>
				<prop key="hibernate.show_sql">${hibernate.show_sql}</prop>
				<prop key="hibernate.query.substitutions">
					true 1, false 0, yes 'Y', no 'N'
				</prop>
				<prop key="hibernate.jdbc.use_streams_for_binary">true</prop>
				<prop key="hibernate.cache.use_query_cache">true</prop>
				<prop key="hibernate.cache.provider_class">
				     org.sakaiproject.springframework.orm.hibernate.SakaiCacheProvider
				</prop>			
			</props>
		</property>
	</bean>
	
	
	<!-- Data Source -->
	<bean id="org.sakaiproject.sitestats.externalDbDataSource" 
		class="org.apache.commons.dbcp.BasicDataSource"
		lazy-init="true">
		<property name="driverClassName" value="org.hsqldb.jdbcDriver"/>
		<property name="url" value="jdbc:hsqldb:mem:sitestats_db"/>
		<property name="username" value="sa"/>
		<property name="password" value=""/>
		
		<property name="initialSize" value="3"/>
		<property name="maxActive" value="5"/>
		<property name="maxIdle" value="3"/>
		<property name="minIdle" value="3"/>
		<property name="timeBetweenEvictionRunsMillis" value="-1"/>
	</bean>
			
</beans>
