<?xml version="1.0" encoding="UTF-8"?>
<!DOCTYPE beans PUBLIC "-//SPRING//DTD BEAN//EN" "http://www.springframework.org/dtd/spring-beans.dtd">
<beans>

    <!-- Hibernate Mappings (.hbm.xml) -->
    <bean id="org.sakaiproject.sitestats.HibernateMappings"
        class="org.springframework.beans.factory.config.ListFactoryBean">
        <property name="sourceList">
            <list>
                <value>org/sakaiproject/sitestats/impl/hbm/PrefsImpl.hbm.xml</value>
                <value>org/sakaiproject/sitestats/impl/hbm/EventStatImpl.hbm.xml</value>
                <value>org/sakaiproject/sitestats/impl/hbm/ResourceStatImpl.hbm.xml</value>
                <value>org/sakaiproject/sitestats/impl/hbm/SiteVisitsImpl.hbm.xml</value>
                <value>org/sakaiproject/sitestats/impl/hbm/SiteActivityImpl.hbm.xml</value>
                <value>org/sakaiproject/sitestats/impl/hbm/SitePresenceImpl.hbm.xml</value>
                <value>org/sakaiproject/sitestats/impl/hbm/JobRunImpl.hbm.xml</value>
                <value>org/sakaiproject/sitestats/impl/hbm/ReportDef.hbm.xml</value>
                <value>org/sakaiproject/sitestats/impl/hbm/ServerStat.hbm.xml</value>
                <value>org/sakaiproject/sitestats/impl/hbm/UserStat.hbm.xml</value>
            </list>
        </property>
    </bean>

</beans>
