<?xml version="1.0" encoding="UTF-8"?>
<!DOCTYPE beans PUBLIC "-//SPRING//DTD BEAN//EN" "http://www.springframework.org/dtd/spring-beans.dtd">
<beans>	


	<!-- Transaction Manager: alias -->
	<alias alias="internalSitestatsTransactionManager" name="org.sakaiproject.springframework.orm.hibernate.GlobalTransactionManager"/>
			
			
	<!-- Session Factory -->
	<alias alias="internalSitestatsSessionFactory" name="org.sakaiproject.springframework.orm.hibernate.GlobalSessionFactory"/>
	
	<!-- Apply Hibernate Mappings -->
	<bean class="org.sakaiproject.springframework.orm.hibernate.impl.AdditionalHibernateMappingsImpl">
        <property name="mappingResources" ref="org.sakaiproject.sitestats.HibernateMappings"/>
    </bean>        

    <!-- Old method -->
    <!--
    <bean id="internalSitestatsSessionFactory"
        parent="org.sakaiproject.springframework.orm.hibernate.GlobalSessionFactory"
        lazy-init="true">
        <property name="mappingResources" ref="org.sakaiproject.sitestats.HibernateMappings"/>
    </bean>
    -->
    
</beans>
