<?xml version="1.0" encoding="UTF-8"?>
<!DOCTYPE beans PUBLIC "-//SPRING//DTD BEAN//EN" "http://www.springframework.org/dtd/spring-beans.dtd">

<beans>

	<!-- File parsers -->
	<bean id="org.sakaiproject.importer.api.ImportFileParser-Sakai"
			class="org.sakaiproject.importer.impl.SakaiArchiveFileParser"
			singleton="false">
	</bean>
	
    <bean id="org.sakaiproject.importer.api.ImportFileParser-CommonCartridge"
			class="org.sakaiproject.importer.impl.CommonCartridgeFileParser"
			singleton="false">
	</bean>
	
	<!-- <bean id="org.sakaiproject.importer.api.ImportFileParser-Bb6" -->
	<!-- 		class="org.sakaiproject.importer.impl.Blackboard6FileParser" -->
	<!-- 		singleton="false"> -->
	<!-- </bean> -->
	<!-- Handlers -->

	<bean id="org.sakaiproject.importer.impl.handlers.ResourcesHandler"
			class="org.sakaiproject.importer.impl.handlers.ResourcesHandler"
			singleton="true">
			<property name="contentHostingService"><ref bean="org.sakaiproject.content.api.ContentHostingService"/></property>
			<property name="sessionManager"><ref bean="org.sakaiproject.tool.api.SessionManager"/></property>
			<property name="securityService"><ref bean="org.sakaiproject.authz.api.SecurityService"/></property>
			<property name="serverConfigurationService"><ref bean="org.sakaiproject.component.api.ServerConfigurationService"/></property>
	</bean>
	
	
	<!-- Import service -->
	<!-- Add your handlers to the property list -->
	<bean id="org.sakaiproject.importer.api.ImportService"
			class="org.sakaiproject.importer.impl.BasicImportService"
			singleton="true">
		<property name="parsers">
			<list>
				<ref bean="org.sakaiproject.importer.api.ImportFileParser-Sakai"/>
				<ref bean="org.sakaiproject.importer.api.ImportFileParser-CommonCartridge"/>
				<!-- <ref bean="org.sakaiproject.importer.api.ImportFileParser-Bb6"/> -->
			</list>
		</property>
		<property name="resourceHandlers">
			<list>
				<ref bean="org.sakaiproject.importer.impl.handlers.ResourcesHandler"/>
				<!-- <ref bean="org.sakaiproject.importer.impl.handlers.SamigoAssessmentHandler"/> -->
				<!-- <ref bean="org.sakaiproject.importer.impl.handlers.SamigoPoolHandler"/> -->
				<!-- <ref bean="org.sakaiproject.importer.impl.handlers.AnnouncementHandler"/> -->
			</list>
		</property>
	</bean>

</beans>
