<?xml version="1.0" encoding="UTF-8"?>
<!DOCTYPE beans PUBLIC "-//SPRING//DTD BEAN//EN" "http://www.springframework.org/dtd/spring-beans.dtd">

<beans>

	<!-- A DataLoader to load sample CM data into Sakai's CM reference impl. -->

	<bean id="org.sakaiproject.coursemanagement.impl.DataLoader"
			class="org.springframework.transaction.interceptor.TransactionProxyFactoryBean">
		<property name="transactionManager">
			<ref bean="org.sakaiproject.springframework.orm.hibernate.GlobalTransactionManager" />
		</property>
        <property name="transactionAttributes">
            <props>
                <prop key="*">PROPAGATION_REQUIRED</prop>
            </props>
        </property>
        <property name="target">
			<bean class="org.sakaiproject.coursemanagement.impl.SampleDataLoader"
				init-method="init" destroy-method="destroy">
				<property name="cmAdmin"><ref bean="org.sakaiproject.coursemanagement.api.CourseManagementAdministration"/></property>
				<property name="cmService"><ref bean="org.sakaiproject.coursemanagement.api.CourseManagementService"/></property>
				<property name="loadSampleData"><value>true</value></property>
			</bean>
		</property>
	</bean>

</beans>
