<?xml version="1.0" encoding="UTF-8"?>
<!DOCTYPE beans PUBLIC "-//SPRING//DTD BEAN//EN" "http://www.springframework.org/dtd/spring-beans.dtd">

<beans>

  <bean id="org.sakaiproject.springframework.orm.hibernate.impl.AdditionalHibernateMappingsImpl.taggable"
    class="org.sakaiproject.springframework.orm.hibernate.impl.AdditionalHibernateMappingsImpl">
    <property name="mappingResources">
      <list>
        <value>
          org/sakaiproject/taggable/impl/LinkImpl.hbm.xml
        </value>
      </list>
    </property>
  </bean>
  
	<bean id="org.sakaiproject.taggable.api.TaggingManager"
	      class="org.sakaiproject.taggable.impl.TaggingManagerImpl"
	      init-method="init"
	      singleton="true">
	      
		<property name="linkManager">
	      <ref bean="org.sakaiproject.taggable.api.LinkManager" />
	    </property>
    </bean>
	      
	<bean id="org.sakaiproject.taggable.api.LinkManager"
        class="org.springframework.transaction.interceptor.TransactionProxyFactoryBean">
    <property name="transactionManager">
      <ref bean="org.sakaiproject.springframework.orm.hibernate.GlobalTransactionManager" />
    </property>
    <property name="target">
      <bean class="org.sakaiproject.taggable.impl.LinkManagerImpl"
            singleton="true">
        <property name="sessionFactory">
          <ref bean="org.sakaiproject.springframework.orm.hibernate.GlobalSessionFactory" />
        </property>
      </bean>
    </property>
    <property name="transactionAttributes">
      <props>
        <prop key="*">PROPAGATION_REQUIRED</prop>
      </props>
    </property>
  </bean>

</beans>
