<?xml version="1.0" encoding="UTF-8"?>
<!DOCTYPE beans PUBLIC "-//SPRING//DTD BEAN//EN"
	"http://www.springframework.org/dtd/spring-beans.dtd">

<beans>

	<!-- Base ShortenedUrlService bean - inject this into your app - it will register the appropriate service or the default -->
	<bean id="org.sakaiproject.shortenedurl.api.ShortenedUrlService"
    	class="org.sakaiproject.shortenedurl.impl.BaseShortenedUrlService"
    	singleton="true"
    	init-method="init">
    	<property name="serverConfigurationService" ref="org.sakaiproject.component.api.ServerConfigurationService" />
	</bean>
	
	<!-- NoOpUrlService config, default -->
	<bean id="org.sakaiproject.shortenedurl.api.NoOpUrlService"
    	class="org.sakaiproject.shortenedurl.impl.NoOpUrlService"
    	singleton="true"
    	init-method="init">
	</bean>

	<!--  RandomisedUrlService config -->
	<!--  
	To configure this implementation, set the following in sakai.properties:
	shortenedurl.implementation=org.sakaiproject.shortenedurl.api.RandomisedUrlService
	-->
	<bean id="org.sakaiproject.shortenedurl.api.RandomisedUrlServiceBean"
    	class="org.sakaiproject.shortenedurl.impl.RandomisedUrlService"
    	singleton="true"
    	init-method="init">
		<property name="sessionFactory" ref="org.sakaiproject.springframework.orm.hibernate.GlobalSessionFactory" />
		<property name="serverConfigurationService" ref="org.sakaiproject.component.api.ServerConfigurationService" />
		<property name="eventTrackingService" ref="org.sakaiproject.event.api.EventTrackingService" />
		<property name="memoryService" ref="org.sakaiproject.memory.api.MemoryService" />
	</bean>
	<bean id="org.sakaiproject.shortenedurl.api.RandomisedUrlService"
		class="org.springframework.transaction.interceptor.TransactionProxyFactoryBean">		
		<property name="transactionManager" ref="org.sakaiproject.springframework.orm.hibernate.GlobalTransactionManager" />
		<property name="target" ref="org.sakaiproject.shortenedurl.api.RandomisedUrlServiceBean" />
		<property name="transactionAttributes">
			<props>
				<prop key="*">PROPAGATION_REQUIRED</prop>
			</props>
		</property>
	</bean>	
	
	<!-- BitlyUrlService config -->
	<!--  
	To configure this implementation, set the following in sakai.properties:
	shortenedurl.implementation=org.sakaiproject.shortenedurl.api.BitlyUrlService
	
	You must also have a bitly account. Signup, navigate to http://bit.ly/a/your_api_key, retrieve your details and set the following:
	shortenedurl.implementation.bitly.login=johnsmith
	shortenedurl.implementation.bitly.key=123qwe456asd789zxc
	-->
	<bean id="org.sakaiproject.shortenedurl.api.BitlyUrlService"
    	class="org.sakaiproject.shortenedurl.impl.BitlyUrlService"
    	singleton="true"
    	init-method="init">
    	<property name="login"><value>${shortenedurl.implementation.bitly.login}</value></property>
    	<property name="apiKey"><value>${shortenedurl.implementation.bitly.key}</value></property>
	</bean>
		
	<!-- Add our HBM files to the Sakai global session factory -->
	<bean id="org.sakaiproject.shortenedurl.hbm.HBMMappingList"
    	class="org.sakaiproject.springframework.orm.hibernate.impl.AdditionalHibernateMappingsImpl">
	    <property name="mappingResources">
	      <list>
	      	<value>org/sakaiproject/shortenedurl/hbm/RandomisedUrl.hbm.xml</value>
	      </list>
	    </property>
  	</bean>
  	
  	<!--  EntityProvider -->
	<bean id="org.sakaiproject.shortenedurl.entityprovider.ShortenedUrlServiceEntityProvider"
		class="org.sakaiproject.shortenedurl.entityprovider.ShortenedUrlServiceEntityProviderImpl">
		<property name="shortenedUrlService" ref="org.sakaiproject.shortenedurl.api.ShortenedUrlService" />
		<property name="serverConfigurationService" ref="org.sakaiproject.component.api.ServerConfigurationService" />
	</bean>
	
	<!--  Cache -->
    <bean id="org.sakaiproject.shortenedurl.cache"
        class="org.sakaiproject.memory.util.EhCacheFactoryBean">
        <property name="cacheManager">
            <ref bean="org.sakaiproject.memory.api.MemoryService.cacheManager"/>
        </property>
        <property name="cacheName">
            <value>org.sakaiproject.shortenedurl.cache</value>
        </property>
        <property name="maxElementsInMemory" value="10000" />
        <property name="diskPersistent" value="false" />
        <property name="eternal" value="false" />
        <property name="timeToLive" value="3600" />
		<property name="timeToIdle" value="3600" />
    </bean>
	
	

</beans>
